Rank	Target sequence	Genomic location	Strand	GC content (%)	Self-complementarity	MM0	MM1	MM2	MM3	Efficiency
1	CGCTATCTGAGCAGCGCTCATGG	chr17:7675056	+	60	3	0	0	0	0	43.15
2	CCGGTTCATGCCGCCCATGCAGG	chr17:7674219	+	70	1	0	0	0	1	44.53
3	CAGACCTCAGGCGGCTCATAGGG	chr17:7674854	+	60	0	0	0	0	2	44.72
4	TATCTGAGCAGCGCTCATGGTGG	chr17:7675059	+	55	2	0	0	0	3	61.99
5	CGGCACCCGCGTCCGCGCCATGG	chr17:7675131	-	85	3	0	0	0	3	39.44
6	GAGCGCTGCTCAGATAGCGATGG	chr17:7675052	-	60	1	0	0	0	4	63.35
7	GGTGCCCTATGAGCCGCCTGAGG	chr17:7674858	-	70	0	0	0	0	5	62.96
8	TCCCAAGACTTAGTACCTGAAGG	chr17:7673519	+	45	1	0	0	0	5	60.35
9	GCGCCGGTCTCTCCCAGGACAGG	chr17:7673771	+	75	0	0	0	0	5	50.08
10	TTACCTCGCTTAGTGCTCCCTGG	chr17:7673697	+	55	0	0	0	0	5	40.97
11	TACCTCGCTTAGTGCTCCCTGGG	chr17:7673698	+	55	0	0	0	0	5	39.57
12	ATCTGAGCAGCGCTCATGGTGGG	chr17:7675060	+	55	2	0	0	0	5	39.39
13	CACTTTTCGACATAGTGTGGTGG	chr17:7674879	-	45	0	0	0	0	6	64.91
14	TCCACTCGGATAAGATGCTGAGG	chr17:7674938	+	50	1	0	0	0	6	60.34
15	AGCACATGACGGAGGTTGTGAGG	chr17:7675090	-	55	0	0	0	0	6	58.21
16	GCATGGGCGGCATGAACCGGAGG	chr17:7674216	-	70	0	0	0	0	6	55.32
17	CTGAGTAGTGGTAATCTACTGGG	chr17:7673823	-	40	1	0	0	0	6	46.98
18	GAAGAGAATCTCCGCAAGAAAGG	chr17:7673742	-	45	2	0	0	0	6	42.51
19	ATGGCGCGGACGCGGGTGCCGGG	chr17:7675133	+	80	3	0	0	0	6	30.07
20	GCAGTCACAGCACATGACGGAGG	chr17:7675098	-	60	1	0	0	1	5	75.04
21	GCCAACCTAGGAGATAACACAGG	chr17:7674285	+	50	1	0	0	1	5	73.30
22	ACTAAGCGAGGTAAGCAAGCAGG	chr17:7673688	-	50	0	0	0	1	5	57.59
23	CATGTAGTTGTAGTGGATGGTGG	chr17:7674252	+	45	0	0	0	0	7	67.14
24	CTCGGATAAGATGCTGAGGAGGG	chr17:7674942	+	50	1	0	0	0	7	55.72
25	CACGCAAATTTCCTTCCACTCGG	chr17:7674924	+	45	0	0	0	2	4	54.52
26	TCTGAGCAGCGCTCATGGTGGGG	chr17:7675061	+	60	2	0	0	0	7	52.66
27	AGATGGCCATGGCGCGGACGCGG	chr17:7675125	+	70	2	0	0	0	7	44.10
28	ACTGGGACGGAACAGCTTTGAGG	chr17:7673806	-	55	0	0	0	1	6	53.63
29	TCCTCAGCATCTTATCCGAGTGG	chr17:7674939	-	50	1	0	0	0	8	68.09
30	GGTGAGGCTCCCCTTTCTTGCGG	chr17:7673731	+	60	0	0	0	0	8	56.46
31	CCAGACCTCAGGCGGCTCATAGG	chr17:7674853	+	65	0	0	0	0	8	40.54
32	AAATTTGCGTGTGGAGTATTTGG	chr17:7674912	-	35	0	0	0	0	8	37.95
33	GATAGCGATGGTGAGCAGCTGGG	chr17:7675040	-	55	0	0	0	1	7	58.25
34	ATAGCGATGGTGAGCAGCTGGGG	chr17:7675039	-	55	0	0	0	0	9	58.70
35	GATTCTCTTCCTCTGTGCGCCGG	chr17:7673755	+	55	0	0	0	0	9	54.56
36	CCAGTAGATTACCACTACTCAGG	chr17:7673824	+	45	1	0	0	0	9	52.02
37	TGACTGCTTGTAGATGGCCATGG	chr17:7675114	+	50	1	0	0	0	9	50.81
38	AAACACTTTTCGACATAGTGTGG	chr17:7674882	-	35	1	0	0	1	8	55.25
39	GTAGTGGTAATCTACTGGGACGG	chr17:7673819	-	45	0	0	0	0	10	74.17
40	GTGCTGTGACTGCTTGTAGATGG	chr17:7675108	+	50	1	0	0	0	10	47.91
41	ACCCTTCAGGTACTAAGTCTTGG	chr17:7673521	-	45	1	0	0	0	10	41.24
42	CATGGCGCGGACGCGGGTGCCGG	chr17:7675132	+	80	3	0	0	0	10	21.14
43	GCTTGTAGATGGCCATGGCGCGG	chr17:7675119	+	60	0	0	0	1	9	63.33
44	AGTGGAAGGAAATTTGCGTGTGG	chr17:7674921	-	45	0	0	0	1	9	63.17
45	AGATTACCACTACTCAGGATAGG	chr17:7673829	+	40	0	0	0	1	9	58.12
46	AGACCTAAGAGCAATCAGTGAGG	chr17:7674968	+	45	0	0	0	0	11	77.73
47	TCGGATAAGATGCTGAGGAGGGG	chr17:7674943	+	50	1	0	0	0	11	66.70
48	TGGGAGAGACCGGCGCACAGAGG	chr17:7673764	-	70	0	0	0	0	11	64.85
49	TGTAACAGTTCCTGCATGGGCGG	chr17:7674229	-	50	0	0	0	2	8	64.43
50	ACACATGTAGTTGTAGTGGATGG	chr17:7674249	+	40	0	0	0	0	11	61.46
51	CATGTGTAACAGTTCCTGCATGG	chr17:7674233	-	45	0	0	0	0	11	58.42
52	TCATCACACTGGAAGACTCCAGG	chr17:7674180	-	50	2	0	0	0	11	59.38
53	TCACTGATTGCTCTTAGGTCTGG	chr17:7674966	-	45	0	0	0	0	11	43.11
54	GCCTGTGTTATCTCCTAGGTTGG	chr17:7674286	-	50	1	0	1	4	3	42.89
55	CCTCGCTTAGTGCTCCCTGGGGG	chr17:7673700	+	65	0	0	0	0	12	70.33
56	GGTACAGTCAGAGCCAACCTAGG	chr17:7674273	+	55	1	0	0	0	12	65.17
57	TGAGGTCTGGTTTGCAACTGGGG	chr17:7674840	-	50	0	0	0	0	12	59.26
58	CTGAGCAGCGCTCATGGTGGGGG	chr17:7675062	+	65	2	0	0	0	12	46.06
59	CCATCCAGTGGTTTCTTCTTTGG	chr17:7673554	+	45	0	0	0	0	12	20.99
60	CAGCATCTTATCCGAGTGGAAGG	chr17:7674935	-	50	1	0	0	1	11	56.81
61	GTGAAATATTCTCCATCCAGTGG	chr17:7673542	+	40	0	0	0	0	13	63.23
62	ACTCGGATAAGATGCTGAGGAGG	chr17:7674941	+	50	1	0	0	0	13	60.74
63	TGTTACACATGTAGTTGTAGTGG	chr17:7674245	+	35	0	0	0	2	10	58.72
64	CCAGTTGCAAACCAGACCTCAGG	chr17:7674842	+	55	0	0	0	0	13	55.29
65	ACCTCGCTTAGTGCTCCCTGGGG	chr17:7673699	+	60	0	0	0	3	9	63.33
66	GTTGCAAACCAGACCTCAGGCGG	chr17:7674845	+	55	0	0	0	1	12	63.27
67	CCTGGGGGCAGCTCGTGGTGAGG	chr17:7673715	+	75	0	0	0	0	14	57.08
68	TCTGTGCGCCGGTCTCTCCCAGG	chr17:7673766	+	70	0	0	0	2	11	43.35
69	AGAGAATCTCCGCAAGAAAGGGG	chr17:7673740	-	45	1	0	0	0	15	62.39
70	AGATAGCGATGGTGAGCAGCTGG	chr17:7675041	-	55	0	0	0	3	12	39.57
71	TGGAGAATATTTCACCCTTCAGG	chr17:7673534	-	40	0	0	0	1	16	33.73
72	CTCACCACGAGCTGCCCCCAGGG	chr17:7673714	-	70	0	0	0	0	18	56.04
73	CAAGCAGTCACAGCACATGACGG	chr17:7675101	-	50	2	0	0	0	19	68.28
74	ATGTGTAACAGTTCCTGCATGGG	chr17:7674232	-	40	0	0	0	0	20	62.33
75	ACACTGGAAGACTCCAGGTCAGG	chr17:7674175	-	55	2	0	0	1	19	57.07
76	TGGTGTTGTTGGGCAGTGCTAGG	chr17:7673591	+	55	0	0	0	5	15	58.17
77	GTGCGTGTTTGTGCCTGTCCTGG	chr17:7673784	-	60	1	0	0	1	22	37.75
78	CCCAAGACTTAGTACCTGAAGGG	chr17:7673520	+	45	1	0	0	0	24	62.38
79	GTGCCTGTCCTGGGAGAGACCGG	chr17:7673774	-	65	1	0	0	0	24	48.47
80	GCAGTGCTAGGAAAGAGGCAAGG	chr17:7673603	+	55	1	0	0	1	23	69.93
81	GGAGTCTTCCAGTGTGATGATGG	chr17:7674183	+	50	0	0	0	1	23	56.26
82	TTGGGCCTGTGTTATCTCCTAGG	chr17:7674290	-	50	1	0	0	3	20	45.72
83	TCTTTTCCTATCCTGAGTAGTGG	chr17:7673835	-	40	0	0	0	0	25	52.99
84	ATTCCTCACTGATTGCTCTTAGG	chr17:7674971	-	40	0	0	0	1	24	37.17
85	CTGAGGTCTGGTTTGCAACTGGG	chr17:7674841	-	50	0	0	0	0	26	36.51
86	CCAGTGGTTTCTTCTTTGGCTGG	chr17:7673558	+	50	0	0	0	0	26	29.42
87	GTTGGGCAGTGCTAGGAAAGAGG	chr17:7673598	+	55	1	0	1	0	25	64.13
88	AAGAGAATCTCCGCAAGAAAGGG	chr17:7673741	-	40	1	0	0	2	25	41.61
89	GTGGCAAGTGGCTCCTGACCTGG	chr17:7674162	+	65	0	0	0	3	25	40.32
90	TGCTCCCTGGGGGCAGCTCGTGG	chr17:7673710	+	75	0	0	0	0	31	46.16
91	GATGGCCATGGCGCGGACGCGGG	chr17:7675126	+	75	2	0	0	1	30	43.32
92	TGATGGTGAGGATGGGCCTCCGG	chr17:7674200	+	60	2	0	0	2	29	57.06
93	CGATGGTGAGCAGCTGGGGCTGG	chr17:7675035	-	70	2	0	0	3	30	41.09
94	GGAGAGGAGCTGGTGTTGTTGGG	chr17:7673581	+	55	0	0	0	2	33	36.19
95	TGCGTGTTTGTGCCTGTCCTGGG	chr17:7673783	-	55	1	0	0	4	31	52.64
96	CTTCCAGTGTGATGATGGTGAGG	chr17:7674188	+	50	0	0	0	4	33	66.06
97	AGTGGTTTCTTCTTTGGCTGGGG	chr17:7673560	+	45	0	0	0	3	35	47.58
98	CATCCTCACCATCATCACACTGG	chr17:7674191	-	50	0	0	0	3	39	63.63
99	CAGTGGTTTCTTCTTTGGCTGGG	chr17:7673559	+	45	0	0	0	2	47	38.51
100	AGTGTGATGATGGTGAGGATGGG	chr17:7674193	+	45	0	0	1	2	48	60.86
101	GGGAGAGGAGCTGGTGTTGTTGG	chr17:7673580	+	60	0	0	0	1	60	27.84
102	CAGTGTGATGATGGTGAGGATGG	chr17:7674192	+	50	0	0	0	5	71	50.01
103	CTTTGGCTGGGGAGAGGAGCTGG	chr17:7673571	+	65	0	0	0	7	69	30.04
104	TTTCTTCTTTGGCTGGGGAGAGG	chr17:7673565	+	50	0	0	1	4	90	44.58
105	GCTAGGAAAGAGGCAAGGAAAGG	chr17:7673608	+	50	1	0	0	20	138	58.12